timestamp,dpid,src,dst,packet_count,byte_count
2026-09-24 19:05:41,6,00:00:00:00:00:04,00:00:00:00:00:02,364,15288
2026-09-24 19:05:51,6,00:00:00:00:00:03,00:00:00:00:00:01,2,84
2026-09-24 19:05:51,6,00:00:00:00:00:04,00:00:00:00:00:02,1729,72618
2026-09-24 19:06:01,6,00:00:00:00:00:03,00:00:00:00:00:01,1147,48174
2026-09-24 19:06:01,6,00:00:00:00:00:04,00:00:00:00:00:02,3020,126840
2026-09-24 19:06:11,6,00:00:00:00:00:03,00:00:00:00:00:01,2467,103614
2026-09-24 19:06:11,6,00:00:00:00:00:04,00:00:00:00:00:02,4343,182406
2026-09-24 19:06:21,6,00:00:00:00:00:03,00:00:00:00:00:01,3813,160146
2026-09-24 19:06:21,6,00:00:00:00:00:04,00:00:00:00:00:02,5687,238854
2026-09-24 19:06:31,6,00:00:00:00:00:03,00:00:00:00:00:01,5122,215124
2026-09-24 19:06:31,6,00:00:00:00:00:04,00:00:00:00:00:02,6997,293874
2026-09-24 19:06:41,6,00:00:00:00:00:03,00:00:00:00:00:01,6405,269010
2026-09-24 19:06:41,6,00:00:00:00:00:04,00:00:00:00:00:02,8280,347760
2026-09-24 19:06:51,6,00:00:00:00:00:03,00:00:00:00:00:01,7705,323610
2026-09-24 19:06:51,6,00:00:00:00:00:04,00:00:00:00:00:02,9579,402318
2026-09-24 19:09:02,6,00:00:00:00:00:03,00:00:00:00:00:01,355,14910
2026-09-24 19:09:12,6,00:00:00:00:00:03,00:00:00:00:00:01,1552,65184
2026-09-24 19:09:22,6,00:00:00:00:00:03,00:00:00:00:00:01,2285,95970
2026-09-24 19:09:22,6,00:00:00:00:00:04,00:00:00:00:00:02,577,24234
2026-09-24 19:09:32,6,00:00:00:00:00:03,00:00:00:00:00:01,2853,119826
2026-09-24 19:09:32,6,00:00:00:00:00:04,00:00:00:00:00:02,1143,48006
2026-09-24 19:09:32,1,00:00:00:00:00:01,00:00:00:00:00:02,3,238
2026-09-24 19:09:32,1,00:00:00:00:00:02,00:00:00:00:00:01,168,7224
2026-09-24 19:09:42,6,00:00:00:00:00:03,00:00:00:00:00:01,3277,137634
2026-09-24 19:09:42,6,00:00:00:00:00:04,00:00:00:00:00:02,1566,65772
2026-09-24 19:09:42,1,00:00:00:00:00:01,00:00:00:00:00:02,3,238
2026-09-24 19:09:42,1,00:00:00:00:00:02,00:00:00:00:00:01,308,13104
2026-09-24 19:09:52,1,00:00:00:00:00:01,00:00:00:00:00:02,3,238
2026-09-24 19:09:52,1,00:00:00:00:00:02,00:00:00:00:00:01,451,19110
2026-09-24 19:09:52,6,00:00:00:00:00:03,00:00:00:00:00:01,3704,155568
2026-09-24 19:09:52,6,00:00:00:00:00:04,00:00:00:00:00:02,1994,83748
2026-09-24 19:10:02,6,00:00:00:00:00:03,00:00:00:00:00:01,4132,173544
2026-09-24 19:10:02,6,00:00:00:00:00:04,00:00:00:00:00:02,2424,101808
2026-09-24 19:10:02,1,00:00:00:00:00:01,00:00:00:00:00:02,3,238
2026-09-24 19:10:02,1,00:00:00:00:00:02,00:00:00:00:00:01,595,25158
2026-09-24 19:10:12,6,00:00:00:00:00:03,00:00:00:00:00:01,4558,191436
2026-09-24 19:10:12,6,00:00:00:00:00:04,00:00:00:00:00:02,2847,119574
2026-09-24 19:10:12,1,00:00:00:00:00:01,00:00:00:00:00:02,3,238
2026-09-24 19:10:12,1,00:00:00:00:00:02,00:00:00:00:00:01,736,31080
2026-09-24 19:10:22,1,00:00:00:00:00:01,00:00:00:00:00:02,3,238
2026-09-24 19:10:22,1,00:00:00:00:00:02,00:00:00:00:00:01,873,36834
2026-09-24 19:10:22,6,00:00:00:00:00:03,00:00:00:00:00:01,4967,208614
2026-09-24 19:10:22,6,00:00:00:00:00:04,00:00:00:00:00:02,3257,136794
2026-09-24 19:10:32,6,00:00:00:00:00:03,00:00:00:00:00:01,5389,226338
2026-09-24 19:10:32,6,00:00:00:00:00:04,00:00:00:00:00:02,3681,154602
2026-09-24 19:10:32,1,00:00:00:00:00:01,00:00:00:00:00:02,3,238
2026-09-24 19:10:32,1,00:00:00:00:00:02,00:00:00:00:00:01,1014,42756
2026-09-24 19:10:42,1,00:00:00:00:00:01,00:00:00:00:00:02,3,238
2026-09-24 19:10:42,1,00:00:00:00:00:02,00:00:00:00:00:01,1140,48048
2026-09-24 19:10:42,6,00:00:00:00:00:03,00:00:00:00:00:01,5768,242256
2026-09-24 19:10:42,6,00:00:00:00:00:04,00:00:00:00:00:02,4060,170520
2026-09-24 19:10:52,1,00:00:00:00:00:01,00:00:00:00:00:02,3,238
2026-09-24 19:10:52,1,00:00:00:00:00:02,00:00:00:00:00:01,1284,54096
2026-09-24 19:10:52,6,00:00:00:00:00:03,00:00:00:00:00:01,6203,260526
2026-09-24 19:10:52,6,00:00:00:00:00:04,00:00:00:00:00:02,4492,188664
2026-09-24 19:11:02,6,00:00:00:00:00:03,00:00:00:00:00:01,6616,277872
2026-09-24 19:11:02,6,00:00:00:00:00:04,00:00:00:00:00:02,4905,206010
2026-09-24 19:11:02,1,00:00:00:00:00:01,00:00:00:00:00:02,3,238
2026-09-24 19:11:02,1,00:00:00:00:00:02,00:00:00:00:00:01,1422,59892
2026-09-24 19:11:12,6,00:00:00:00:00:03,00:00:00:00:00:01,7083,297486
2026-09-24 19:11:12,6,00:00:00:00:00:04,00:00:00:00:00:02,5372,225624
2026-09-24 19:11:12,1,00:00:00:00:00:01,00:00:00:00:00:02,3,238
2026-09-24 19:11:12,1,00:00:00:00:00:02,00:00:00:00:00:01,1577,66402
2026-09-24 19:11:22,1,00:00:00:00:00:01,00:00:00:00:00:02,3,238
2026-09-24 19:11:22,1,00:00:00:00:00:02,00:00:00:00:00:01,1721,72450
2026-09-24 19:11:22,6,00:00:00:00:00:03,00:00:00:00:00:01,7513,315546
2026-09-24 19:11:22,6,00:00:00:00:00:04,00:00:00:00:00:02,5802,243684
2026-09-24 19:11:32,6,00:00:00:00:00:03,00:00:00:00:00:01,7934,333228
2026-09-24 19:11:32,6,00:00:00:00:00:04,00:00:00:00:00:02,6224,261408
2026-09-24 19:11:32,1,00:00:00:00:00:01,00:00:00:00:00:02,3,238
2026-09-24 19:11:32,1,00:00:00:00:00:02,00:00:00:00:00:01,1861,78330
2026-09-24 19:11:42,6,00:00:00:00:00:03,00:00:00:00:00:01,8238,345996
2026-09-24 19:11:42,6,00:00:00:00:00:04,00:00:00:00:00:02,6530,274260
2026-09-24 19:11:42,1,00:00:00:00:00:01,00:00:00:00:00:02,3,238
2026-09-24 19:11:42,1,00:00:00:00:00:02,00:00:00:00:00:01,1963,82614
2026-09-24 19:11:52,1,00:00:00:00:00:01,00:00:00:00:00:02,3,238
2026-09-24 19:11:52,1,00:00:00:00:00:02,00:00:00:00:00:01,2066,86940
2026-09-24 19:11:52,6,00:00:00:00:00:03,00:00:00:00:00:01,8550,359100
2026-09-24 19:11:52,6,00:00:00:00:00:04,00:00:00:00:00:02,6842,287364
2026-09-24 19:12:02,1,00:00:00:00:00:01,00:00:00:00:00:02,3,238
2026-09-24 19:12:02,1,00:00:00:00:00:02,00:00:00:00:00:01,2144,90216
2026-09-24 19:12:02,6,00:00:00:00:00:03,00:00:00:00:00:01,8780,368760
2026-09-24 19:12:02,6,00:00:00:00:00:04,00:00:00:00:00:02,7070,296940
2026-09-24 19:12:26,1,00:00:00:00:00:01,33:33:00:00:00:16,0,0
2026-09-24 19:12:26,1,00:00:00:00:00:02,33:33:00:00:00:16,0,0
2026-09-24 19:12:36,1,00:00:00:00:00:01,33:33:00:00:00:02,1,70
2026-09-24 19:12:36,1,00:00:00:00:00:01,33:33:00:00:00:16,2,180
2026-09-24 19:12:36,1,00:00:00:00:00:01,33:33:ff:00:00:01,0,0
2026-09-24 19:12:36,1,00:00:00:00:00:02,33:33:00:00:00:02,1,70
2026-09-24 19:12:36,1,00:00:00:00:00:02,33:33:00:00:00:16,2,180
2026-09-24 19:12:36,1,00:00:00:00:00:02,33:33:ff:00:00:02,0,0
2026-09-24 19:12:36,6,00:00:00:00:00:01,33:33:00:00:00:02,1,70
2026-09-24 19:12:36,6,00:00:00:00:00:01,33:33:00:00:00:16,1,90
2026-09-24 19:12:36,6,00:00:00:00:00:02,33:33:00:00:00:02,1,70
2026-09-24 19:12:36,6,00:00:00:00:00:03,33:33:00:00:00:02,0,0
2026-09-24 19:12:36,6,00:00:00:00:00:03,33:33:00:00:00:16,1,90
2026-09-24 19:12:36,6,00:00:00:00:00:04,33:33:00:00:00:02,0,0
2026-09-24 19:12:36,6,00:00:00:00:00:04,33:33:00:00:00:16,0,0
2026-09-24 19:12:46,1,00:00:00:00:00:01,33:33:00:00:00:02,2,140
2026-09-24 19:12:46,1,00:00:00:00:00:01,33:33:00:00:00:16,2,180
2026-09-24 19:12:46,1,00:00:00:00:00:01,33:33:ff:00:00:01,0,0
2026-09-24 19:12:46,1,00:00:00:00:00:02,33:33:00:00:00:02,2,140
2026-09-24 19:12:46,1,00:00:00:00:00:02,33:33:00:00:00:16,2,180
2026-09-24 19:12:46,1,00:00:00:00:00:02,33:33:ff:00:00:02,0,0
2026-09-24 19:12:46,6,00:00:00:00:00:01,33:33:00:00:00:02,2,140
2026-09-24 19:12:46,6,00:00:00:00:00:01,33:33:00:00:00:16,1,90
2026-09-24 19:12:46,6,00:00:00:00:00:02,33:33:00:00:00:02,2,140
2026-09-24 19:12:46,6,00:00:00:00:00:03,33:33:00:00:00:02,1,70
2026-09-24 19:12:46,6,00:00:00:00:00:03,33:33:00:00:00:16,1,90
2026-09-24 19:12:46,6,00:00:00:00:00:04,33:33:00:00:00:02,1,70
2026-09-24 19:12:46,6,00:00:00:00:00:04,33:33:00:00:00:16,0,0
2026-09-24 19:12:56,1,00:00:00:00:00:01,33:33:00:00:00:02,2,140
2026-09-24 19:12:56,1,00:00:00:00:00:01,33:33:00:00:00:16,2,180
2026-09-24 19:12:56,1,00:00:00:00:00:01,33:33:ff:00:00:01,0,0
2026-09-24 19:12:56,1,00:00:00:00:00:02,33:33:00:00:00:02,2,140
2026-09-24 19:12:56,1,00:00:00:00:00:02,33:33:00:00:00:16,2,180
2026-09-24 19:12:56,1,00:00:00:00:00:02,33:33:ff:00:00:02,0,0
2026-09-24 19:12:56,6,00:00:00:00:00:01,33:33:00:00:00:02,2,140
2026-09-24 19:12:56,6,00:00:00:00:00:01,33:33:00:00:00:16,1,90
2026-09-24 19:12:56,6,00:00:00:00:00:02,33:33:00:00:00:02,2,140
2026-09-24 19:12:56,6,00:00:00:00:00:03,33:33:00:00:00:02,1,70
2026-09-24 19:12:56,6,00:00:00:00:00:03,33:33:00:00:00:16,1,90
2026-09-24 19:12:56,6,00:00:00:00:00:04,33:33:00:00:00:02,2,140
2026-09-24 19:12:56,6,00:00:00:00:00:04,33:33:00:00:00:16,0,0
2026-09-24 19:13:06,1,00:00:00:00:00:01,33:33:00:00:00:02,3,210
2026-09-24 19:13:06,1,00:00:00:00:00:01,33:33:00:00:00:16,2,180
2026-09-24 19:13:06,1,00:00:00:00:00:01,33:33:ff:00:00:01,0,0
2026-09-24 19:13:06,1,00:00:00:00:00:02,33:33:00:00:00:02,3,210
2026-09-24 19:13:06,1,00:00:00:00:00:02,33:33:00:00:00:16,2,180
2026-09-24 19:13:06,1,00:00:00:00:00:02,33:33:ff:00:00:02,0,0
2026-09-24 19:13:06,6,00:00:00:00:00:01,33:33:00:00:00:02,3,210
2026-09-24 19:13:06,6,00:00:00:00:00:01,33:33:00:00:00:16,1,90
2026-09-24 19:13:06,6,00:00:00:00:00:02,33:33:00:00:00:02,3,210
2026-09-24 19:13:06,6,00:00:00:00:00:03,33:33:00:00:00:02,2,140
2026-09-24 19:13:06,6,00:00:00:00:00:03,33:33:00:00:00:16,1,90
2026-09-24 19:13:06,6,00:00:00:00:00:04,33:33:00:00:00:02,2,140
2026-09-24 19:13:06,6,00:00:00:00:00:04,33:33:00:00:00:16,0,0
2026-09-24 19:13:16,1,00:00:00:00:00:01,33:33:00:00:00:02,3,210
2026-09-24 19:13:16,1,00:00:00:00:00:01,33:33:00:00:00:16,2,180
2026-09-24 19:13:16,1,00:00:00:00:00:01,33:33:ff:00:00:01,0,0
2026-09-24 19:13:16,1,00:00:00:00:00:02,33:33:00:00:00:02,3,210
2026-09-24 19:13:16,1,00:00:00:00:00:02,33:33:00:00:00:16,2,180
2026-09-24 19:13:16,1,00:00:00:00:00:02,33:33:ff:00:00:02,0,0
2026-09-24 19:13:16,6,00:00:00:00:00:01,33:33:00:00:00:02,3,210
2026-09-24 19:13:16,6,00:00:00:00:00:01,33:33:00:00:00:16,1,90
2026-09-24 19:13:16,6,00:00:00:00:00:02,33:33:00:00:00:02,3,210
2026-09-24 19:13:16,6,00:00:00:00:00:03,33:33:00:00:00:02,2,140
2026-09-24 19:13:16,6,00:00:00:00:00:03,33:33:00:00:00:16,1,90
2026-09-24 19:13:16,6,00:00:00:00:00:04,33:33:00:00:00:02,2,140
2026-09-24 19:13:16,6,00:00:00:00:00:04,33:33:00:00:00:16,0,0
2026-09-24 19:13:26,1,00:00:00:00:00:01,33:33:00:00:00:02,3,210
2026-09-24 19:13:26,1,00:00:00:00:00:01,33:33:00:00:00:16,2,180
2026-09-24 19:13:26,1,00:00:00:00:00:01,33:33:ff:00:00:01,0,0
2026-09-24 19:13:26,1,00:00:00:00:00:02,33:33:00:00:00:02,3,210
2026-09-24 19:13:26,1,00:00:00:00:00:02,33:33:00:00:00:16,2,180
2026-09-24 19:13:26,1,00:00:00:00:00:02,33:33:ff:00:00:02,0,0
2026-09-24 19:13:26,6,00:00:00:00:00:01,33:33:00:00:00:02,3,210
2026-09-24 19:13:26,6,00:00:00:00:00:01,33:33:00:00:00:16,1,90
2026-09-24 19:13:26,6,00:00:00:00:00:02,33:33:00:00:00:02,3,210
2026-09-24 19:13:26,6,00:00:00:00:00:03,33:33:00:00:00:02,2,140
2026-09-24 19:13:26,6,00:00:00:00:00:03,33:33:00:00:00:16,1,90
2026-09-24 19:13:26,6,00:00:00:00:00:04,33:33:00:00:00:02,2,140
2026-09-24 19:13:26,6,00:00:00:00:00:04,33:33:00:00:00:16,0,0
2026-09-24 19:13:36,1,00:00:00:00:00:01,33:33:00:00:00:02,4,280
2026-09-24 19:13:36,1,00:00:00:00:00:01,33:33:00:00:00:16,2,180
2026-09-24 19:13:36,1,00:00:00:00:00:01,33:33:ff:00:00:01,0,0
2026-09-24 19:13:36,1,00:00:00:00:00:02,33:33:00:00:00:02,4,280
2026-09-24 19:13:36,1,00:00:00:00:00:02,33:33:00:00:00:16,2,180
2026-09-24 19:13:36,1,00:00:00:00:00:02,33:33:ff:00:00:02,0,0
2026-09-24 19:13:36,6,00:00:00:00:00:01,33:33:00:00:00:02,4,280
2026-09-24 19:13:36,6,00:00:00:00:00:01,33:33:00:00:00:16,1,90
2026-09-24 19:13:36,6,00:00:00:00:00:02,33:33:00:00:00:02,4,280
2026-09-24 19:13:36,6,00:00:00:00:00:03,33:33:00:00:00:02,3,210
2026-09-24 19:13:36,6,00:00:00:00:00:03,33:33:00:00:00:16,1,90
2026-09-24 19:13:36,6,00:00:00:00:00:04,33:33:00:00:00:02,3,210
2026-09-24 19:13:36,6,00:00:00:00:00:04,33:33:00:00:00:16,0,0
2026-09-24 19:13:46,1,00:00:00:00:00:01,33:33:00:00:00:02,4,280
2026-09-24 19:13:46,1,00:00:00:00:00:01,33:33:00:00:00:16,2,180
2026-09-24 19:13:46,1,00:00:00:00:00:01,33:33:ff:00:00:01,0,0
2026-09-24 19:13:46,1,00:00:00:00:00:02,33:33:00:00:00:02,4,280
2026-09-24 19:13:46,1,00:00:00:00:00:02,33:33:00:00:00:16,2,180
2026-09-24 19:13:46,1,00:00:00:00:00:02,33:33:ff:00:00:02,0,0
2026-09-24 19:13:46,6,00:00:00:00:00:01,33:33:00:00:00:02,4,280
2026-09-24 19:13:46,6,00:00:00:00:00:01,33:33:00:00:00:16,1,90
2026-09-24 19:13:46,6,00:00:00:00:00:02,33:33:00:00:00:02,4,280
2026-09-24 19:13:46,6,00:00:00:00:00:03,33:33:00:00:00:02,3,210
2026-09-24 19:13:46,6,00:00:00:00:00:03,33:33:00:00:00:16,1,90
2026-09-24 19:13:46,6,00:00:00:00:00:04,33:33:00:00:00:02,3,210
2026-09-24 19:13:46,6,00:00:00:00:00:04,33:33:00:00:00:16,0,0
2026-09-24 19:13:56,1,00:00:00:00:00:01,33:33:00:00:00:02,4,280
2026-09-24 19:13:56,1,00:00:00:00:00:01,33:33:00:00:00:16,2,180
2026-09-24 19:13:56,1,00:00:00:00:00:01,33:33:ff:00:00:01,0,0
2026-09-24 19:13:56,1,00:00:00:00:00:02,33:33:00:00:00:02,4,280
2026-09-24 19:13:56,1,00:00:00:00:00:02,33:33:00:00:00:16,2,180
2026-09-24 19:13:56,1,00:00:00:00:00:02,33:33:ff:00:00:02,0,0
2026-09-24 19:13:56,6,00:00:00:00:00:01,33:33:00:00:00:02,4,280
2026-09-24 19:13:56,6,00:00:00:00:00:01,33:33:00:00:00:16,1,90
2026-09-24 19:13:56,6,00:00:00:00:00:02,33:33:00:00:00:02,4,280
2026-09-24 19:13:56,6,00:00:00:00:00:03,33:33:00:00:00:02,3,210
2026-09-24 19:13:56,6,00:00:00:00:00:03,33:33:00:00:00:16,1,90
2026-09-24 19:13:56,6,00:00:00:00:00:04,33:33:00:00:00:02,3,210
2026-09-24 19:13:56,6,00:00:00:00:00:04,33:33:00:00:00:16,0,0
2026-09-24 19:14:06,1,00:00:00:00:00:01,33:33:00:00:00:02,4,280
2026-09-24 19:14:06,1,00:00:00:00:00:01,33:33:00:00:00:16,2,180
2026-09-24 19:14:06,1,00:00:00:00:00:01,33:33:ff:00:00:01,0,0
2026-09-24 19:14:06,1,00:00:00:00:00:02,33:33:00:00:00:02,4,280
2026-09-24 19:14:06,1,00:00:00:00:00:02,33:33:00:00:00:16,2,180
2026-09-24 19:14:06,1,00:00:00:00:00:02,33:33:ff:00:00:02,0,0
2026-09-24 19:14:06,6,00:00:00:00:00:01,33:33:00:00:00:02,4,280
2026-09-24 19:14:06,6,00:00:00:00:00:01,33:33:00:00:00:16,1,90
2026-09-24 19:14:06,6,00:00:00:00:00:02,33:33:00:00:00:02,4,280
2026-09-24 19:14:06,6,00:00:00:00:00:03,33:33:00:00:00:02,3,210
2026-09-24 19:14:06,6,00:00:00:00:00:03,33:33:00:00:00:16,1,90
2026-09-24 19:14:06,6,00:00:00:00:00:04,33:33:00:00:00:02,3,210
2026-09-24 19:14:06,6,00:00:00:00:00:04,33:33:00:00:00:16,0,0
2026-09-24 19:14:16,1,00:00:00:00:00:01,33:33:00:00:00:02,4,280
2026-09-24 19:14:16,1,00:00:00:00:00:01,33:33:00:00:00:16,2,180
2026-09-24 19:14:16,1,00:00:00:00:00:01,33:33:ff:00:00:01,0,0
2026-09-24 19:14:16,1,00:00:00:00:00:02,33:33:00:00:00:02,4,280
2026-09-24 19:14:16,1,00:00:00:00:00:02,33:33:00:00:00:16,2,180
2026-09-24 19:14:16,1,00:00:00:00:00:02,33:33:ff:00:00:02,0,0
2026-09-24 19:14:16,6,00:00:00:00:00:01,33:33:00:00:00:02,4,280
2026-09-24 19:14:16,6,00:00:00:00:00:01,33:33:00:00:00:16,1,90
2026-09-24 19:14:16,6,00:00:00:00:00:02,33:33:00:00:00:02,4,280
2026-09-24 19:14:16,6,00:00:00:00:00:03,33:33:00:00:00:02,3,210
2026-09-24 19:14:16,6,00:00:00:00:00:03,33:33:00:00:00:16,1,90
2026-09-24 19:14:16,6,00:00:00:00:00:04,33:33:00:00:00:02,3,210
2026-09-24 19:14:16,6,00:00:00:00:00:04,33:33:00:00:00:16,0,0
2026-09-24 19:14:26,6,00:00:00:00:00:01,33:33:00:00:00:02,4,280
2026-09-24 19:14:26,6,00:00:00:00:00:01,33:33:00:00:00:16,1,90
2026-09-24 19:14:26,6,00:00:00:00:00:02,33:33:00:00:00:02,4,280
2026-09-24 19:14:26,6,00:00:00:00:00:03,33:33:00:00:00:02,3,210
2026-09-24 19:14:26,6,00:00:00:00:00:03,33:33:00:00:00:16,1,90
2026-09-24 19:14:26,6,00:00:00:00:00:04,33:33:00:00:00:02,3,210
2026-09-24 19:14:26,6,00:00:00:00:00:04,33:33:00:00:00:16,0,0
2026-09-24 19:14:26,1,00:00:00:00:00:01,33:33:00:00:00:02,4,280
2026-09-24 19:14:26,1,00:00:00:00:00:01,33:33:00:00:00:16,2,180
2026-09-24 19:14:26,1,00:00:00:00:00:01,33:33:ff:00:00:01,0,0
2026-09-24 19:14:26,1,00:00:00:00:00:02,33:33:00:00:00:02,4,280
2026-09-24 19:14:26,1,00:00:00:00:00:02,33:33:00:00:00:16,2,180
2026-09-24 19:14:26,1,00:00:00:00:00:02,33:33:ff:00:00:02,0,0
2026-09-24 19:14:36,6,00:00:00:00:00:01,33:33:00:00:00:02,4,280
2026-09-24 19:14:36,6,00:00:00:00:00:01,33:33:00:00:00:16,1,90
2026-09-24 19:14:36,6,00:00:00:00:00:02,33:33:00:00:00:02,4,280
2026-09-24 19:14:36,6,00:00:00:00:00:03,33:33:00:00:00:02,3,210
2026-09-24 19:14:36,6,00:00:00:00:00:03,33:33:00:00:00:16,1,90
2026-09-24 19:14:36,6,00:00:00:00:00:04,33:33:00:00:00:02,4,280
2026-09-24 19:14:36,6,00:00:00:00:00:04,33:33:00:00:00:16,0,0
2026-09-24 19:14:36,1,00:00:00:00:00:01,33:33:00:00:00:02,4,280
2026-09-24 19:14:36,1,00:00:00:00:00:01,33:33:00:00:00:16,2,180
2026-09-24 19:14:36,1,00:00:00:00:00:01,33:33:ff:00:00:01,0,0
2026-09-24 19:14:36,1,00:00:00:00:00:02,33:33:00:00:00:02,4,280
2026-09-24 19:14:36,1,00:00:00:00:00:02,33:33:00:00:00:16,2,180
2026-09-24 19:14:36,1,00:00:00:00:00:02,33:33:ff:00:00:02,0,0
2026-09-24 19:14:46,1,00:00:00:00:00:01,33:33:00:00:00:02,5,350
2026-09-24 19:14:46,1,00:00:00:00:00:01,33:33:00:00:00:16,2,180
2026-09-24 19:14:46,1,00:00:00:00:00:01,33:33:ff:00:00:01,0,0
2026-09-24 19:14:46,1,00:00:00:00:00:02,33:33:00:00:00:02,5,350
2026-09-24 19:14:46,1,00:00:00:00:00:02,33:33:00:00:00:16,2,180
2026-09-24 19:14:46,1,00:00:00:00:00:02,33:33:ff:00:00:02,0,0
2026-09-24 19:14:46,6,00:00:00:00:00:01,33:33:00:00:00:02,5,350
2026-09-24 19:14:46,6,00:00:00:00:00:01,33:33:00:00:00:16,1,90
2026-09-24 19:14:46,6,00:00:00:00:00:02,33:33:00:00:00:02,5,350
2026-09-24 19:14:46,6,00:00:00:00:00:03,33:33:00:00:00:02,4,280
2026-09-24 19:14:46,6,00:00:00:00:00:03,33:33:00:00:00:16,1,90
2026-09-24 19:14:46,6,00:00:00:00:00:04,33:33:00:00:00:02,4,280
2026-09-24 19:14:46,6,00:00:00:00:00:04,33:33:00:00:00:16,0,0
2026-09-24 19:14:56,6,00:00:00:00:00:01,33:33:00:00:00:02,5,350
2026-09-24 19:14:56,6,00:00:00:00:00:01,33:33:00:00:00:16,1,90
2026-09-24 19:14:56,6,00:00:00:00:00:02,33:33:00:00:00:02,5,350
2026-09-24 19:14:56,6,00:00:00:00:00:03,33:33:00:00:00:02,4,280
2026-09-24 19:14:56,6,00:00:00:00:00:03,33:33:00:00:00:16,1,90
2026-09-24 19:14:56,6,00:00:00:00:00:04,33:33:00:00:00:02,4,280
2026-09-24 19:14:56,6,00:00:00:00:00:04,33:33:00:00:00:16,0,0
2026-09-24 19:14:56,1,00:00:00:00:00:01,33:33:00:00:00:02,5,350
2026-09-24 19:14:56,1,00:00:00:00:00:01,33:33:00:00:00:16,2,180
2026-09-24 19:14:56,1,00:00:00:00:00:01,33:33:ff:00:00:01,0,0
2026-09-24 19:14:56,1,00:00:00:00:00:02,33:33:00:00:00:02,5,350
2026-09-24 19:14:56,1,00:00:00:00:00:02,33:33:00:00:00:16,2,180
2026-09-24 19:14:56,1,00:00:00:00:00:02,33:33:ff:00:00:02,0,0
2026-09-24 19:15:06,1,00:00:00:00:00:01,33:33:00:00:00:02,5,350
2026-09-24 19:15:06,1,00:00:00:00:00:01,33:33:00:00:00:16,2,180
2026-09-24 19:15:06,1,00:00:00:00:00:01,33:33:ff:00:00:01,0,0
2026-09-24 19:15:06,1,00:00:00:00:00:02,33:33:00:00:00:02,5,350
2026-09-24 19:15:06,1,00:00:00:00:00:02,33:33:00:00:00:16,2,180
2026-09-24 19:15:06,1,00:00:00:00:00:02,33:33:ff:00:00:02,0,0
2026-09-24 19:15:06,6,00:00:00:00:00:01,33:33:00:00:00:02,5,350
2026-09-24 19:15:06,6,00:00:00:00:00:01,33:33:00:00:00:16,1,90
2026-09-24 19:15:06,6,00:00:00:00:00:02,33:33:00:00:00:02,5,350
2026-09-24 19:15:06,6,00:00:00:00:00:03,33:33:00:00:00:02,4,280
2026-09-24 19:15:06,6,00:00:00:00:00:03,33:33:00:00:00:16,1,90
2026-09-24 19:15:06,6,00:00:00:00:00:04,33:33:00:00:00:02,4,280
2026-09-24 19:15:06,6,00:00:00:00:00:04,33:33:00:00:00:16,0,0
2026-09-24 19:15:16,1,00:00:00:00:00:01,33:33:00:00:00:02,5,350
2026-09-24 19:15:16,1,00:00:00:00:00:01,33:33:00:00:00:16,2,180
2026-09-24 19:15:16,1,00:00:00:00:00:01,33:33:ff:00:00:01,0,0
2026-09-24 19:15:16,1,00:00:00:00:00:02,33:33:00:00:00:02,5,350
2026-09-24 19:15:16,1,00:00:00:00:00:02,33:33:00:00:00:16,2,180
2026-09-24 19:15:16,1,00:00:00:00:00:02,33:33:ff:00:00:02,0,0
2026-09-24 19:15:16,6,00:00:00:00:00:01,33:33:00:00:00:02,5,350
2026-09-24 19:15:16,6,00:00:00:00:00:01,33:33:00:00:00:16,1,90
2026-09-24 19:15:16,6,00:00:00:00:00:02,33:33:00:00:00:02,5,350
2026-09-24 19:15:16,6,00:00:00:00:00:03,33:33:00:00:00:02,4,280
2026-09-24 19:15:16,6,00:00:00:00:00:03,33:33:00:00:00:16,1,90
2026-09-24 19:15:16,6,00:00:00:00:00:04,33:33:00:00:00:02,4,280
2026-09-24 19:15:16,6,00:00:00:00:00:04,33:33:00:00:00:16,0,0
2026-09-24 19:15:26,1,00:00:00:00:00:01,33:33:00:00:00:02,5,350
2026-09-24 19:15:26,1,00:00:00:00:00:01,33:33:00:00:00:16,2,180
2026-09-24 19:15:26,1,00:00:00:00:00:01,33:33:ff:00:00:01,0,0
2026-09-24 19:15:26,1,00:00:00:00:00:02,33:33:00:00:00:02,5,350
2026-09-24 19:15:26,1,00:00:00:00:00:02,33:33:00:00:00:16,2,180
2026-09-24 19:15:26,1,00:00:00:00:00:02,33:33:ff:00:00:02,0,0
2026-09-24 19:15:26,6,00:00:00:00:00:01,33:33:00:00:00:02,5,350
2026-09-24 19:15:26,6,00:00:00:00:00:01,33:33:00:00:00:16,1,90
2026-09-24 19:15:26,6,00:00:00:00:00:02,33:33:00:00:00:02,5,350
2026-09-24 19:15:26,6,00:00:00:00:00:03,33:33:00:00:00:02,4,280
2026-09-24 19:15:26,6,00:00:00:00:00:03,33:33:00:00:00:16,1,90
2026-09-24 19:15:26,6,00:00:00:00:00:04,33:33:00:00:00:02,4,280
2026-09-24 19:15:26,6,00:00:00:00:00:04,33:33:00:00:00:16,0,0
2026-09-24 19:15:36,1,00:00:00:00:00:01,33:33:00:00:00:02,5,350
2026-09-24 19:15:36,1,00:00:00:00:00:01,33:33:00:00:00:16,2,180
2026-09-24 19:15:36,1,00:00:00:00:00:01,33:33:ff:00:00:01,0,0
2026-09-24 19:15:36,1,00:00:00:00:00:02,33:33:00:00:00:02,5,350
2026-09-24 19:15:36,1,00:00:00:00:00:02,33:33:00:00:00:16,2,180
2026-09-24 19:15:36,1,00:00:00:00:00:02,33:33:ff:00:00:02,0,0
2026-09-24 19:15:36,6,00:00:00:00:00:01,33:33:00:00:00:02,5,350
2026-09-24 19:15:36,6,00:00:00:00:00:01,33:33:00:00:00:16,1,90
2026-09-24 19:15:36,6,00:00:00:00:00:02,33:33:00:00:00:02,5,350
2026-09-24 19:15:36,6,00:00:00:00:00:03,33:33:00:00:00:02,4,280
2026-09-24 19:15:36,6,00:00:00:00:00:03,33:33:00:00:00:16,1,90
2026-09-24 19:15:36,6,00:00:00:00:00:04,33:33:00:00:00:02,4,280
2026-09-24 19:15:36,6,00:00:00:00:00:04,33:33:00:00:00:16,0,0
2026-09-24 19:15:46,6,00:00:00:00:00:01,33:33:00:00:00:02,5,350
2026-09-24 19:15:46,6,00:00:00:00:00:01,33:33:00:00:00:16,1,90
2026-09-24 19:15:46,6,00:00:00:00:00:02,33:33:00:00:00:02,5,350
2026-09-24 19:15:46,6,00:00:00:00:00:03,33:33:00:00:00:02,4,280
2026-09-24 19:15:46,6,00:00:00:00:00:03,33:33:00:00:00:16,1,90
2026-09-24 19:15:46,6,00:00:00:00:00:04,33:33:00:00:00:02,4,280
2026-09-24 19:15:46,6,00:00:00:00:00:04,33:33:00:00:00:16,0,0
2026-09-24 19:15:46,1,00:00:00:00:00:01,33:33:00:00:00:02,5,350
2026-09-24 19:15:46,1,00:00:00:00:00:01,33:33:00:00:00:16,2,180
2026-09-24 19:15:46,1,00:00:00:00:00:01,33:33:ff:00:00:01,0,0
2026-09-24 19:15:46,1,00:00:00:00:00:02,33:33:00:00:00:02,5,350
2026-09-24 19:15:46,1,00:00:00:00:00:02,33:33:00:00:00:16,2,180
2026-09-24 19:15:46,1,00:00:00:00:00:02,33:33:ff:00:00:02,0,0
2026-09-24 19:15:56,6,00:00:00:00:00:01,33:33:00:00:00:02,5,350
2026-09-24 19:15:56,6,00:00:00:00:00:01,33:33:00:00:00:16,1,90
2026-09-24 19:15:56,6,00:00:00:00:00:02,33:33:00:00:00:02,5,350
2026-09-24 19:15:56,6,00:00:00:00:00:03,33:33:00:00:00:02,4,280
2026-09-24 19:15:56,6,00:00:00:00:00:03,33:33:00:00:00:16,1,90
2026-09-24 19:15:56,6,00:00:00:00:00:04,33:33:00:00:00:02,4,280
2026-09-24 19:15:56,6,00:00:00:00:00:04,33:33:00:00:00:16,0,0
2026-09-24 19:15:56,1,00:00:00:00:00:01,33:33:00:00:00:02,5,350
2026-09-24 19:15:56,1,00:00:00:00:00:01,33:33:00:00:00:16,2,180
2026-09-24 19:15:56,1,00:00:00:00:00:01,33:33:ff:00:00:01,0,0
2026-09-24 19:15:56,1,00:00:00:00:00:02,33:33:00:00:00:02,5,350
2026-09-24 19:15:56,1,00:00:00:00:00:02,33:33:00:00:00:16,2,180
2026-09-24 19:15:56,1,00:00:00:00:00:02,33:33:ff:00:00:02,0,0
2026-09-24 19:27:39,1,00:00:00:00:00:01,33:33:00:00:00:02,1,70
2026-09-24 19:27:39,1,00:00:00:00:00:01,33:33:00:00:00:16,2,180
2026-09-24 19:27:39,1,00:00:00:00:00:02,33:33:00:00:00:02,1,70
2026-09-24 19:27:39,1,00:00:00:00:00:02,33:33:00:00:00:16,1,90
2026-09-24 19:27:39,1,00:00:00:00:00:03,33:33:00:00:00:02,0,0
2026-09-24 19:27:39,1,00:00:00:00:00:04,33:33:00:00:00:02,0,0
2026-09-24 19:27:39,6,00:00:00:00:00:01,33:33:00:00:00:02,0,0
2026-09-24 19:27:39,6,00:00:00:00:00:02,33:33:00:00:00:02,0,0
2026-09-24 19:27:39,6,00:00:00:00:00:03,33:33:00:00:00:02,0,0
2026-09-24 19:27:39,6,00:00:00:00:00:04,33:33:00:00:00:02,0,0
2026-09-24 19:27:49,1,00:00:00:00:00:01,00:00:00:00:00:03,3,238
2026-09-24 19:27:49,1,00:00:00:00:00:01,33:33:00:00:00:02,2,140
2026-09-24 19:27:49,1,00:00:00:00:00:01,33:33:00:00:00:16,2,180
2026-09-24 19:27:49,1,00:00:00:00:00:02,33:33:00:00:00:02,2,140
2026-09-24 19:27:49,1,00:00:00:00:00:02,33:33:00:00:00:16,1,90
2026-09-24 19:27:49,1,00:00:00:00:00:03,00:00:00:00:00:01,4,336
2026-09-24 19:27:49,1,00:00:00:00:00:03,33:33:00:00:00:02,1,70
2026-09-24 19:27:49,1,00:00:00:00:00:04,33:33:00:00:00:02,1,70
2026-09-24 19:27:49,6,00:00:00:00:00:01,00:00:00:00:00:03,3,238
2026-09-24 19:27:49,6,00:00:00:00:00:01,33:33:00:00:00:02,1,70
2026-09-24 19:27:49,6,00:00:00:00:00:02,33:33:00:00:00:02,1,70
2026-09-24 19:27:49,6,00:00:00:00:00:03,00:00:00:00:00:01,4,336
2026-09-24 19:27:49,6,00:00:00:00:00:03,33:33:00:00:00:02,1,70
2026-09-24 19:27:49,6,00:00:00:00:00:04,33:33:00:00:00:02,1,70
2026-09-24 19:27:59,6,00:00:00:00:00:01,00:00:00:00:00:03,3,238
2026-09-24 19:27:59,6,00:00:00:00:00:01,33:33:00:00:00:02,1,70
2026-09-24 19:27:59,6,00:00:00:00:00:02,00:00:00:00:00:04,3,238
2026-09-24 19:27:59,6,00:00:00:00:00:02,33:33:00:00:00:02,2,140
2026-09-24 19:27:59,6,00:00:00:00:00:03,00:00:00:00:00:01,4,336
2026-09-24 19:27:59,6,00:00:00:00:00:03,33:33:00:00:00:02,1,70
2026-09-24 19:27:59,6,00:00:00:00:00:04,00:00:00:00:00:02,4,336
2026-09-24 19:27:59,6,00:00:00:00:00:04,33:33:00:00:00:02,1,70
2026-09-24 19:27:59,1,00:00:00:00:00:01,00:00:00:00:00:03,3,238
2026-09-24 19:27:59,1,00:00:00:00:00:01,33:33:00:00:00:02,2,140
2026-09-24 19:27:59,1,00:00:00:00:00:01,33:33:00:00:00:16,2,180
2026-09-24 19:27:59,1,00:00:00:00:00:02,00:00:00:00:00:04,3,238
2026-09-24 19:27:59,1,00:00:00:00:00:02,33:33:00:00:00:02,3,210
2026-09-24 19:27:59,1,00:00:00:00:00:02,33:33:00:00:00:16,1,90
2026-09-24 19:27:59,1,00:00:00:00:00:03,00:00:00:00:00:01,4,336
2026-09-24 19:27:59,1,00:00:00:00:00:03,33:33:00:00:00:02,1,70
2026-09-24 19:27:59,1,00:00:00:00:00:04,00:00:00:00:00:02,4,336
2026-09-24 19:27:59,1,00:00:00:00:00:04,33:33:00:00:00:02,1,70
2026-09-24 19:28:09,6,00:00:00:00:00:01,00:00:00:00:00:03,3,238
2026-09-24 19:28:09,6,00:00:00:00:00:01,33:33:00:00:00:02,2,140
2026-09-24 19:28:09,6,00:00:00:00:00:02,00:00:00:00:00:04,3,238
2026-09-24 19:28:09,6,00:00:00:00:00:02,33:33:00:00:00:02,2,140
2026-09-24 19:28:09,6,00:00:00:00:00:03,00:00:00:00:00:01,4,336
2026-09-24 19:28:09,6,00:00:00:00:00:03,33:33:00:00:00:02,2,140
2026-09-24 19:28:09,6,00:00:00:00:00:04,00:00:00:00:00:02,4,336
2026-09-24 19:28:09,6,00:00:00:00:00:04,33:33:00:00:00:02,2,140
2026-09-24 19:28:09,1,00:00:00:00:00:01,00:00:00:00:00:03,3,238
2026-09-24 19:28:09,1,00:00:00:00:00:01,33:33:00:00:00:02,3,210
2026-09-24 19:28:09,1,00:00:00:00:00:01,33:33:00:00:00:16,2,180
2026-09-24 19:28:09,1,00:00:00:00:00:02,00:00:00:00:00:04,3,238
2026-09-24 19:28:09,1,00:00:00:00:00:02,33:33:00:00:00:02,3,210
2026-09-24 19:28:09,1,00:00:00:00:00:02,33:33:00:00:00:16,1,90
2026-09-24 19:28:09,1,00:00:00:00:00:03,00:00:00:00:00:01,4,336
2026-09-24 19:28:09,1,00:00:00:00:00:03,33:33:00:00:00:02,2,140
2026-09-24 19:28:09,1,00:00:00:00:00:04,00:00:00:00:00:02,4,336
2026-09-24 19:28:09,1,00:00:00:00:00:04,33:33:00:00:00:02,2,140
2026-09-24 19:28:19,1,00:00:00:00:00:01,00:00:00:00:00:03,3,238
2026-09-24 19:28:19,1,00:00:00:00:00:01,33:33:00:00:00:02,3,210
2026-09-24 19:28:19,1,00:00:00:00:00:01,33:33:00:00:00:16,2,180
2026-09-24 19:28:19,1,00:00:00:00:00:02,00:00:00:00:00:04,3,238
2026-09-24 19:28:19,1,00:00:00:00:00:02,33:33:00:00:00:02,3,210
2026-09-24 19:28:19,1,00:00:00:00:00:02,33:33:00:00:00:16,1,90
2026-09-24 19:28:19,1,00:00:00:00:00:03,00:00:00:00:00:01,4,336
2026-09-24 19:28:19,1,00:00:00:00:00:03,33:33:00:00:00:02,2,140
2026-09-24 19:28:19,1,00:00:00:00:00:04,00:00:00:00:00:02,4,336
2026-09-24 19:28:19,1,00:00:00:00:00:04,33:33:00:00:00:02,2,140
2026-09-24 19:28:19,6,00:00:00:00:00:01,00:00:00:00:00:03,3,238
2026-09-24 19:28:19,6,00:00:00:00:00:01,33:33:00:00:00:02,2,140
2026-09-24 19:28:19,6,00:00:00:00:00:02,00:00:00:00:00:04,3,238
2026-09-24 19:28:19,6,00:00:00:00:00:02,33:33:00:00:00:02,2,140
2026-09-24 19:28:19,6,00:00:00:00:00:03,00:00:00:00:00:01,4,336
2026-09-24 19:28:19,6,00:00:00:00:00:03,33:33:00:00:00:02,2,140
2026-09-24 19:28:19,6,00:00:00:00:00:04,00:00:00:00:00:02,4,336
2026-09-24 19:28:19,6,00:00:00:00:00:04,33:33:00:00:00:02,2,140
2026-09-24 19:28:29,1,00:00:00:00:00:01,00:00:00:00:00:03,3,238
2026-09-24 19:28:29,1,00:00:00:00:00:01,33:33:00:00:00:02,3,210
2026-09-24 19:28:29,1,00:00:00:00:00:01,33:33:00:00:00:16,2,180
2026-09-24 19:28:29,1,00:00:00:00:00:02,00:00:00:00:00:04,3,238
2026-09-24 19:28:29,1,00:00:00:00:00:02,33:33:00:00:00:02,3,210
2026-09-24 19:28:29,1,00:00:00:00:00:02,33:33:00:00:00:16,1,90
2026-09-24 19:28:29,1,00:00:00:00:00:03,00:00:00:00:00:01,4,336
2026-09-24 19:28:29,1,00:00:00:00:00:03,33:33:00:00:00:02,2,140
2026-09-24 19:28:29,1,00:00:00:00:00:04,00:00:00:00:00:02,4,336
2026-09-24 19:28:29,1,00:00:00:00:00:04,33:33:00:00:00:02,2,140
2026-09-24 19:28:29,6,00:00:00:00:00:01,00:00:00:00:00:03,3,238
2026-09-24 19:28:29,6,00:00:00:00:00:01,33:33:00:00:00:02,2,140
2026-09-24 19:28:29,6,00:00:00:00:00:02,00:00:00:00:00:04,3,238
2026-09-24 19:28:29,6,00:00:00:00:00:02,33:33:00:00:00:02,2,140
2026-09-24 19:28:29,6,00:00:00:00:00:03,00:00:00:00:00:01,4,336
2026-09-24 19:28:29,6,00:00:00:00:00:03,33:33:00:00:00:02,2,140
2026-09-24 19:28:29,6,00:00:00:00:00:04,00:00:00:00:00:02,4,336
2026-09-24 19:28:29,6,00:00:00:00:00:04,33:33:00:00:00:02,2,140
2026-09-24 19:28:39,1,00:00:00:00:00:01,00:00:00:00:00:03,3,238
2026-09-24 19:28:39,1,00:00:00:00:00:01,33:33:00:00:00:02,4,280
2026-09-24 19:28:39,1,00:00:00:00:00:01,33:33:00:00:00:16,2,180
2026-09-24 19:28:39,1,00:00:00:00:00:02,00:00:00:00:00:04,3,238
2026-09-24 19:28:39,1,00:00:00:00:00:02,33:33:00:00:00:02,4,280
2026-09-24 19:28:39,1,00:00:00:00:00:02,33:33:00:00:00:16,1,90
2026-09-24 19:28:39,1,00:00:00:00:00:03,00:00:00:00:00:01,4,336
2026-09-24 19:28:39,1,00:00:00:00:00:03,33:33:00:00:00:02,3,210
2026-09-24 19:28:39,1,00:00:00:00:00:04,00:00:00:00:00:02,4,336
2026-09-24 19:28:39,1,00:00:00:00:00:04,33:33:00:00:00:02,3,210
2026-09-24 19:28:39,6,00:00:00:00:00:01,00:00:00:00:00:03,3,238
2026-09-24 19:28:39,6,00:00:00:00:00:01,33:33:00:00:00:02,3,210
2026-09-24 19:28:39,6,00:00:00:00:00:02,00:00:00:00:00:04,3,238
2026-09-24 19:28:39,6,00:00:00:00:00:02,33:33:00:00:00:02,3,210
2026-09-24 19:28:39,6,00:00:00:00:00:03,00:00:00:00:00:01,4,336
2026-09-24 19:28:39,6,00:00:00:00:00:03,33:33:00:00:00:02,3,210
2026-09-24 19:28:39,6,00:00:00:00:00:04,00:00:00:00:00:02,4,336
2026-09-24 19:28:39,6,00:00:00:00:00:04,33:33:00:00:00:02,3,210
2026-09-24 19:28:49,6,00:00:00:00:00:01,00:00:00:00:00:03,3,238
2026-09-24 19:28:49,6,00:00:00:00:00:01,33:33:00:00:00:02,3,210
2026-09-24 19:28:49,6,00:00:00:00:00:02,00:00:00:00:00:04,3,238
2026-09-24 19:28:49,6,00:00:00:00:00:02,33:33:00:00:00:02,3,210
2026-09-24 19:28:49,6,00:00:00:00:00:03,00:00:00:00:00:01,4,336
2026-09-24 19:28:49,6,00:00:00:00:00:03,33:33:00:00:00:02,3,210
2026-09-24 19:28:49,6,00:00:00:00:00:04,00:00:00:00:00:02,4,336
2026-09-24 19:28:49,6,00:00:00:00:00:04,33:33:00:00:00:02,3,210
2026-09-24 19:28:49,1,00:00:00:00:00:01,00:00:00:00:00:03,3,238
2026-09-24 19:28:49,1,00:00:00:00:00:01,33:33:00:00:00:02,4,280
2026-09-24 19:28:49,1,00:00:00:00:00:01,33:33:00:00:00:16,2,180
2026-09-24 19:28:49,1,00:00:00:00:00:02,00:00:00:00:00:04,3,238
2026-09-24 19:28:49,1,00:00:00:00:00:02,33:33:00:00:00:02,4,280
2026-09-24 19:28:49,1,00:00:00:00:00:02,33:33:00:00:00:16,1,90
2026-09-24 19:28:49,1,00:00:00:00:00:03,00:00:00:00:00:01,4,336
2026-09-24 19:28:49,1,00:00:00:00:00:03,33:33:00:00:00:02,3,210
2026-09-24 19:28:49,1,00:00:00:00:00:04,00:00:00:00:00:02,4,336
2026-09-24 19:28:49,1,00:00:00:00:00:04,33:33:00:00:00:02,3,210
2026-09-24 19:29:00,1,00:00:00:00:00:01,00:00:00:00:00:03,3,238
2026-09-24 19:29:00,1,00:00:00:00:00:01,33:33:00:00:00:02,4,280
2026-09-24 19:29:00,1,00:00:00:00:00:01,33:33:00:00:00:16,2,180
2026-09-24 19:29:00,1,00:00:00:00:00:02,00:00:00:00:00:04,94,311836
2026-09-24 19:29:00,1,00:00:00:00:00:02,33:33:00:00:00:02,4,280
2026-09-24 19:29:00,1,00:00:00:00:00:02,33:33:00:00:00:16,1,90
2026-09-24 19:29:00,1,00:00:00:00:00:03,00:00:00:00:00:01,4,336
2026-09-24 19:29:00,1,00:00:00:00:00:03,33:33:00:00:00:02,3,210
2026-09-24 19:29:00,1,00:00:00:00:00:04,00:00:00:00:00:02,90,6020
2026-09-24 19:29:00,1,00:00:00:00:00:04,33:33:00:00:00:02,3,210
2026-09-24 19:29:00,6,00:00:00:00:00:01,00:00:00:00:00:03,3,238
2026-09-24 19:29:00,6,00:00:00:00:00:01,33:33:00:00:00:02,3,210
2026-09-24 19:29:00,6,00:00:00:00:00:02,00:00:00:00:00:04,93,308874
2026-09-24 19:29:00,6,00:00:00:00:00:02,33:33:00:00:00:02,3,210
2026-09-24 19:29:00,6,00:00:00:00:00:03,00:00:00:00:00:01,4,336
2026-09-24 19:29:00,6,00:00:00:00:00:03,33:33:00:00:00:02,3,210
2026-09-24 19:29:00,6,00:00:00:00:00:04,00:00:00:00:00:02,90,6020
2026-09-24 19:29:00,6,00:00:00:00:00:04,33:33:00:00:00:02,3,210
2026-09-24 19:29:10,1,00:00:00:00:00:01,00:00:00:00:00:03,3,238
2026-09-24 19:29:10,1,00:00:00:00:00:01,33:33:00:00:00:02,4,280
2026-09-24 19:29:10,1,00:00:00:00:00:01,33:33:00:00:00:16,2,180
2026-09-24 19:29:10,1,00:00:00:00:00:02,00:00:00:00:00:04,530,1575732
2026-09-24 19:29:10,1,00:00:00:00:00:02,33:33:00:00:00:02,4,280
2026-09-24 19:29:10,1,00:00:00:00:00:02,33:33:00:00:00:16,1,90
2026-09-24 19:29:10,1,00:00:00:00:00:03,00:00:00:00:00:01,4,336
2026-09-24 19:29:10,1,00:00:00:00:00:03,33:33:00:00:00:02,3,210
2026-09-24 19:29:10,1,00:00:00:00:00:04,00:00:00:00:00:02,489,32426
2026-09-24 19:29:10,1,00:00:00:00:00:04,33:33:00:00:00:02,3,210
2026-09-24 19:29:10,6,00:00:00:00:00:01,00:00:00:00:00:03,3,238
2026-09-24 19:29:10,6,00:00:00:00:00:01,33:33:00:00:00:02,3,210
2026-09-24 19:29:10,6,00:00:00:00:00:02,00:00:00:00:00:04,528,1569808
2026-09-24 19:29:10,6,00:00:00:00:00:02,33:33:00:00:00:02,3,210
2026-09-24 19:29:10,6,00:00:00:00:00:03,00:00:00:00:00:01,4,336
2026-09-24 19:29:10,6,00:00:00:00:00:03,33:33:00:00:00:02,3,210
2026-09-24 19:29:10,6,00:00:00:00:00:04,00:00:00:00:00:02,489,32426
2026-09-24 19:29:10,6,00:00:00:00:00:04,33:33:00:00:00:02,3,210
2026-09-24 19:29:20,1,00:00:00:00:00:01,00:00:00:00:00:03,3,238
2026-09-24 19:29:20,1,00:00:00:00:00:01,33:33:00:00:00:02,4,280
2026-09-24 19:29:20,1,00:00:00:00:00:01,33:33:00:00:00:16,2,180
2026-09-24 19:29:20,1,00:00:00:00:00:02,00:00:00:00:00:04,992,2916416
2026-09-24 19:29:20,1,00:00:00:00:00:02,33:33:00:00:00:02,4,280
2026-09-24 19:29:20,1,00:00:00:00:00:02,33:33:00:00:00:16,1,90
2026-09-24 19:29:20,1,00:00:00:00:00:03,00:00:00:00:00:01,4,336
2026-09-24 19:29:20,1,00:00:00:00:00:03,33:33:00:00:00:02,3,210
2026-09-24 19:29:20,1,00:00:00:00:00:04,00:00:00:00:00:02,913,60410
2026-09-24 19:29:20,1,00:00:00:00:00:04,33:33:00:00:00:02,3,210
2026-09-24 19:29:20,6,00:00:00:00:00:01,00:00:00:00:00:03,3,238
2026-09-24 19:29:20,6,00:00:00:00:00:01,33:33:00:00:00:02,3,210
2026-09-24 19:29:20,6,00:00:00:00:00:02,00:00:00:00:00:04,990,2910492
2026-09-24 19:29:20,6,00:00:00:00:00:02,33:33:00:00:00:02,3,210
2026-09-24 19:29:20,6,00:00:00:00:00:03,00:00:00:00:00:01,4,336
2026-09-24 19:29:20,6,00:00:00:00:00:03,33:33:00:00:00:02,3,210
2026-09-24 19:29:20,6,00:00:00:00:00:04,00:00:00:00:00:02,913,60410
2026-09-24 19:29:20,6,00:00:00:00:00:04,33:33:00:00:00:02,3,210
2026-09-24 19:29:30,6,00:00:00:00:00:01,00:00:00:00:00:03,3,238
2026-09-24 19:29:30,6,00:00:00:00:00:01,33:33:00:00:00:02,3,210
2026-09-24 19:29:30,6,00:00:00:00:00:02,00:00:00:00:00:04,1509,4416978
2026-09-24 19:29:30,6,00:00:00:00:00:02,33:33:00:00:00:02,3,210
2026-09-24 19:29:30,6,00:00:00:00:00:03,00:00:00:00:00:01,4,336
2026-09-24 19:29:30,6,00:00:00:00:00:03,33:33:00:00:00:02,3,210
2026-09-24 19:29:30,6,00:00:00:00:00:04,00:00:00:00:00:02,1377,91010
2026-09-24 19:29:30,6,00:00:00:00:00:04,33:33:00:00:00:02,3,210
2026-09-24 19:29:30,1,00:00:00:00:00:01,00:00:00:00:00:03,3,238
2026-09-24 19:29:30,1,00:00:00:00:00:01,33:33:00:00:00:02,4,280
2026-09-24 19:29:30,1,00:00:00:00:00:01,33:33:00:00:00:16,2,180
2026-09-24 19:29:30,1,00:00:00:00:00:02,00:00:00:00:00:04,1511,4422902
2026-09-24 19:29:30,1,00:00:00:00:00:02,33:33:00:00:00:02,4,280
2026-09-24 19:29:30,1,00:00:00:00:00:02,33:33:00:00:00:16,1,90
2026-09-24 19:29:30,1,00:00:00:00:00:03,00:00:00:00:00:01,4,336
2026-09-24 19:29:30,1,00:00:00:00:00:03,33:33:00:00:00:02,3,210
2026-09-24 19:29:30,1,00:00:00:00:00:04,00:00:00:00:00:02,1377,91010
2026-09-24 19:29:30,1,00:00:00:00:00:04,33:33:00:00:00:02,3,210
2026-09-24 19:29:40,1,00:00:00:00:00:01,00:00:00:00:00:03,393,1754874
2026-09-24 19:29:40,1,00:00:00:00:00:01,33:33:00:00:00:02,4,280
2026-09-24 19:29:40,1,00:00:00:00:00:01,33:33:00:00:00:16,2,180
2026-09-24 19:29:40,1,00:00:00:00:00:02,00:00:00:00:00:04,1911,5581862
2026-09-24 19:29:40,1,00:00:00:00:00:02,33:33:00:00:00:02,5,350
2026-09-24 19:29:40,1,00:00:00:00:00:02,33:33:00:00:00:16,1,90
2026-09-24 19:29:40,1,00:00:00:00:00:03,00:00:00:00:00:01,378,25004
2026-09-24 19:29:40,1,00:00:00:00:00:03,33:33:00:00:00:02,4,280
2026-09-24 19:29:40,1,00:00:00:00:00:04,00:00:00:00:00:02,1741,115034
2026-09-24 19:29:40,1,00:00:00:00:00:04,33:33:00:00:00:02,3,210
2026-09-24 19:29:40,6,00:00:00:00:00:01,00:00:00:00:00:03,391,1743158
2026-09-24 19:29:40,6,00:00:00:00:00:01,33:33:00:00:00:02,3,210
2026-09-24 19:29:40,6,00:00:00:00:00:02,00:00:00:00:00:04,1909,5575938
2026-09-24 19:29:40,6,00:00:00:00:00:02,33:33:00:00:00:02,4,280
2026-09-24 19:29:40,6,00:00:00:00:00:03,00:00:00:00:00:01,378,25004
2026-09-24 19:29:40,6,00:00:00:00:00:03,33:33:00:00:00:02,4,280
2026-09-24 19:29:40,6,00:00:00:00:00:04,00:00:00:00:00:02,1741,115034
2026-09-24 19:29:40,6,00:00:00:00:00:04,33:33:00:00:00:02,3,210
2026-09-24 19:29:50,6,00:00:00:00:00:01,00:00:00:00:00:03,2271,11742598
2026-09-24 19:29:50,6,00:00:00:00:00:01,33:33:00:00:00:02,4,280
2026-09-24 19:29:50,6,00:00:00:00:00:02,00:00:00:00:00:04,397,1126658
2026-09-24 19:29:50,6,00:00:00:00:00:02,33:33:00:00:00:02,4,280
2026-09-24 19:29:50,6,00:00:00:00:00:03,00:00:00:00:00:01,2131,140702
2026-09-24 19:29:50,6,00:00:00:00:00:03,33:33:00:00:00:02,4,280
2026-09-24 19:29:50,6,00:00:00:00:00:04,00:00:00:00:00:02,386,25560
2026-09-24 19:29:50,6,00:00:00:00:00:04,33:33:00:00:00:02,4,280
2026-09-24 19:29:50,1,00:00:00:00:00:01,00:00:00:00:00:03,2273,11754314
2026-09-24 19:29:50,1,00:00:00:00:00:01,33:33:00:00:00:02,5,350
2026-09-24 19:29:50,1,00:00:00:00:00:01,33:33:00:00:00:16,2,180
2026-09-24 19:29:50,1,00:00:00:00:00:02,00:00:00:00:00:04,388,1115928
2026-09-24 19:29:50,1,00:00:00:00:00:02,33:33:00:00:00:02,5,350
2026-09-24 19:29:50,1,00:00:00:00:00:02,33:33:00:00:00:16,1,90
2026-09-24 19:29:50,1,00:00:00:00:00:03,00:00:00:00:00:01,2131,140702
2026-09-24 19:29:50,1,00:00:00:00:00:03,33:33:00:00:00:02,4,280
2026-09-24 19:29:50,1,00:00:00:00:00:04,00:00:00:00:00:02,376,24804
2026-09-24 19:29:50,1,00:00:00:00:00:04,33:33:00:00:00:02,4,280
2026-09-24 19:30:00,6,00:00:00:00:00:01,00:00:00:00:00:03,4240,22075160
2026-09-24 19:30:00,6,00:00:00:00:00:01,33:33:00:00:00:02,4,280
2026-09-24 19:30:00,6,00:00:00:00:00:02,00:00:00:00:00:04,778,2227476
2026-09-24 19:30:00,6,00:00:00:00:00:02,33:33:00:00:00:02,4,280
2026-09-24 19:30:00,6,00:00:00:00:00:03,00:00:00:00:00:01,3960,261416
2026-09-24 19:30:00,6,00:00:00:00:00:03,33:33:00:00:00:02,4,280
2026-09-24 19:30:00,6,00:00:00:00:00:04,00:00:00:00:00:02,758,50112
2026-09-24 19:30:00,6,00:00:00:00:00:04,33:33:00:00:00:02,4,280
2026-09-24 19:30:00,1,00:00:00:00:00:01,00:00:00:00:00:03,4242,22086876
2026-09-24 19:30:00,1,00:00:00:00:00:01,33:33:00:00:00:02,5,350
2026-09-24 19:30:00,1,00:00:00:00:00:01,33:33:00:00:00:16,2,180
2026-09-24 19:30:00,1,00:00:00:00:00:02,00:00:00:00:00:04,767,2210822
2026-09-24 19:30:00,1,00:00:00:00:00:02,33:33:00:00:00:02,5,350
2026-09-24 19:30:00,1,00:00:00:00:00:02,33:33:00:00:00:16,1,90
2026-09-24 19:30:00,1,00:00:00:00:00:03,00:00:00:00:00:01,3960,261416
2026-09-24 19:30:00,1,00:00:00:00:00:03,33:33:00:00:00:02,4,280
2026-09-24 19:30:00,1,00:00:00:00:00:04,00:00:00:00:00:02,748,49356
2026-09-24 19:30:00,1,00:00:00:00:00:04,33:33:00:00:00:02,4,280
2026-09-24 19:30:10,6,00:00:00:00:00:01,00:00:00:00:00:03,6132,31662712
2026-09-24 19:30:10,6,00:00:00:00:00:01,33:33:00:00:00:02,4,280
2026-09-24 19:30:10,6,00:00:00:00:00:02,00:00:00:00:00:04,778,2227476
2026-09-24 19:30:10,6,00:00:00:00:00:02,33:33:00:00:00:02,4,280
2026-09-24 19:30:10,6,00:00:00:00:00:03,00:00:00:00:00:01,5709,376850
2026-09-24 19:30:10,6,00:00:00:00:00:03,33:33:00:00:00:02,4,280
2026-09-24 19:30:10,6,00:00:00:00:00:04,00:00:00:00:00:02,758,50112
2026-09-24 19:30:10,6,00:00:00:00:00:04,33:33:00:00:00:02,4,280
2026-09-24 19:30:10,1,00:00:00:00:00:01,00:00:00:00:00:03,6135,31675942
2026-09-24 19:30:10,1,00:00:00:00:00:01,33:33:00:00:00:02,5,350
2026-09-24 19:30:10,1,00:00:00:00:00:01,33:33:00:00:00:16,2,180
2026-09-24 19:30:10,1,00:00:00:00:00:02,00:00:00:00:00:04,767,2210822
2026-09-24 19:30:10,1,00:00:00:00:00:02,33:33:00:00:00:02,5,350
2026-09-24 19:30:10,1,00:00:00:00:00:02,33:33:00:00:00:16,1,90
2026-09-24 19:30:10,1,00:00:00:00:00:03,00:00:00:00:00:01,5709,376850
2026-09-24 19:30:10,1,00:00:00:00:00:03,33:33:00:00:00:02,4,280
2026-09-24 19:30:10,1,00:00:00:00:00:04,00:00:00:00:00:02,748,49356
2026-09-24 19:30:10,1,00:00:00:00:00:04,33:33:00:00:00:02,4,280
2026-09-24 19:30:20,6,00:00:00:00:00:01,00:00:00:00:00:03,8009,41602586
2026-09-24 19:30:20,6,00:00:00:00:00:01,33:33:00:00:00:02,4,280
2026-09-24 19:30:20,6,00:00:00:00:00:02,00:00:00:00:00:04,778,2227476
2026-09-24 19:30:20,6,00:00:00:00:00:02,33:33:00:00:00:02,4,280
2026-09-24 19:30:20,6,00:00:00:00:00:03,00:00:00:00:00:01,7447,491558
2026-09-24 19:30:20,6,00:00:00:00:00:03,33:33:00:00:00:02,4,280
2026-09-24 19:30:20,6,00:00:00:00:00:04,00:00:00:00:00:02,758,50112
2026-09-24 19:30:20,6,00:00:00:00:00:04,33:33:00:00:00:02,4,280
2026-09-24 19:30:20,1,00:00:00:00:00:01,00:00:00:00:00:03,8011,41609958
2026-09-24 19:30:20,1,00:00:00:00:00:01,33:33:00:00:00:02,5,350
2026-09-24 19:30:20,1,00:00:00:00:00:01,33:33:00:00:00:16,2,180
2026-09-24 19:30:20,1,00:00:00:00:00:02,00:00:00:00:00:04,767,2210822
2026-09-24 19:30:20,1,00:00:00:00:00:02,33:33:00:00:00:02,5,350
2026-09-24 19:30:20,1,00:00:00:00:00:02,33:33:00:00:00:16,1,90
2026-09-24 19:30:20,1,00:00:00:00:00:03,00:00:00:00:00:01,7447,491558
2026-09-24 19:30:20,1,00:00:00:00:00:03,33:33:00:00:00:02,4,280
2026-09-24 19:30:20,1,00:00:00:00:00:04,00:00:00:00:00:02,748,49356
2026-09-24 19:30:20,1,00:00:00:00:00:04,33:33:00:00:00:02,4,280
2026-09-24 19:30:30,1,00:00:00:00:00:01,00:00:00:00:00:03,9974,51874044
2026-09-24 19:30:30,1,00:00:00:00:00:01,33:33:00:00:00:02,5,350
2026-09-24 19:30:30,1,00:00:00:00:00:01,33:33:00:00:00:16,2,180
2026-09-24 19:30:30,1,00:00:00:00:00:02,00:00:00:00:00:04,767,2210822
2026-09-24 19:30:30,1,00:00:00:00:00:02,33:33:00:00:00:02,5,350
2026-09-24 19:30:30,1,00:00:00:00:00:02,33:33:00:00:00:16,1,90
2026-09-24 19:30:30,1,00:00:00:00:00:03,00:00:00:00:00:01,9274,612116
2026-09-24 19:30:30,1,00:00:00:00:00:03,33:33:00:00:00:02,4,280
2026-09-24 19:30:30,1,00:00:00:00:00:04,00:00:00:00:00:02,748,49356
2026-09-24 19:30:30,1,00:00:00:00:00:04,33:33:00:00:00:02,4,280
2026-09-24 19:30:30,6,00:00:00:00:00:01,00:00:00:00:00:03,9972,51862328
2026-09-24 19:30:30,6,00:00:00:00:00:01,33:33:00:00:00:02,4,280
2026-09-24 19:30:30,6,00:00:00:00:00:02,00:00:00:00:00:04,778,2227476
2026-09-24 19:30:30,6,00:00:00:00:00:02,33:33:00:00:00:02,4,280
2026-09-24 19:30:30,6,00:00:00:00:00:03,00:00:00:00:00:01,9274,612116
2026-09-24 19:30:30,6,00:00:00:00:00:03,33:33:00:00:00:02,4,280
2026-09-24 19:30:30,6,00:00:00:00:00:04,00:00:00:00:00:02,758,50112
2026-09-24 19:30:30,6,00:00:00:00:00:04,33:33:00:00:00:02,4,280
